image_path,image_name,category,stimulus_number,clothing_type,.thisRepN,.thisTrialN,.thisN,.thisIndex,thisRow.t,notes,participant,session,counterbalance,block_number,block_name,trial_in_block,trial_global,required_action,response_key,response_action,correct,rt,participant,session,counterbalance,
vaast images and script/shc15.png,shc15.png,SHC,15,jacket,0,0,0,31,,,001,001,B,1,Incongruent,1,1,avoid,down,approach,0,1.0519516249987646,001,001,B,
vaast images and script/fhc21.png,fhc21.png,FHC,21,beanie,0,1,1,13,,,001,001,B,1,Incongruent,2,2,approach,down,approach,1,0.8947320419974858,001,001,B,
vaast images and script/shc4.png,shc4.png,SHC,4,shirt,0,2,2,44,,,001,001,B,1,Incongruent,3,3,avoid,up,avoid,1,1.2154860419977922,001,001,B,
vaast images and script/fhc17.png,fhc17.png,FHC,17,hoodie,0,3,3,8,,,001,001,B,1,Incongruent,4,4,approach,None,None,0,None,001,001,B,
vaast images and script/shc10.png,shc10.png,SHC,10,pants,0,4,4,26,,,001,001,B,1,Incongruent,5,5,avoid,up,avoid,1,1.845441417004622,001,001,B,
vaast images and script/shc2.png,shc2.png,SHC,2,shirt,0,5,5,36,,,001,001,B,1,Incongruent,6,6,avoid,up,avoid,1,0.7262190000037663,001,001,B,
vaast images and script/fhc1.png,fhc1.png,FHC,1,shirt,0,6,6,0,,,001,001,B,1,Incongruent,7,7,approach,down,approach,1,0.7750307909955154,001,001,B,
vaast images and script/fhc20.png,fhc20.png,FHC,20,hoodie,0,7,7,12,,,001,001,B,1,Incongruent,8,8,approach,down,approach,1,1.0977340829995228,001,001,B,
vaast images and script/fhc6.png,fhc6.png,FHC,6,pants,0,8,8,21,,,001,001,B,1,Incongruent,9,9,approach,down,approach,1,0.541696749998664,001,001,B,
vaast images and script/shc12.png,shc12.png,SHC,12,jacket,0,9,9,28,,,001,001,B,1,Incongruent,10,10,avoid,down,approach,0,0.9204725829986273,001,001,B,
vaast images and script/shc24.png,shc24.png,SHC,24,beanie,0,10,10,41,,,001,001,B,1,Incongruent,11,11,avoid,up,avoid,1,1.2519622079998953,001,001,B,
vaast images and script/fhc25.png,fhc25.png,FHC,25,beanie,0,11,11,17,,,001,001,B,1,Incongruent,12,12,approach,down,approach,1,1.0845021670029382,001,001,B,
vaast images and script/fhc4.png,fhc4.png,FHC,4,shirt,0,12,12,19,,,001,001,B,1,Incongruent,13,13,approach,down,approach,1,0.9332602079957724,001,001,B,
vaast images and script/shc22.png,shc22.png,SHC,22,beanie,0,13,13,39,,,001,001,B,1,Incongruent,14,14,avoid,up,avoid,1,1.1804163330016308,001,001,B,
vaast images and script/shc19.png,shc19.png,SHC,19,hoodie,0,14,14,35,,,001,001,B,1,Incongruent,15,15,avoid,up,avoid,1,0.5191522500026622,001,001,B,
vaast images and script/shc3.png,shc3.png,SHC,3,shirt,0,15,15,43,,,001,001,B,1,Incongruent,16,16,avoid,up,avoid,1,0.4727404170043883,001,001,B,
vaast images and script/shc16.png,shc16.png,SHC,16,hoodie,0,16,16,32,,,001,001,B,1,Incongruent,17,17,avoid,up,avoid,1,0.4422493329984718,001,001,B,
vaast images and script/fhc3.png,fhc3.png,FHC,3,shirt,0,17,17,18,,,001,001,B,1,Incongruent,18,18,approach,down,approach,1,0.5798092920013005,001,001,B,
vaast images and script/shc1.png,shc1.png,SHC,1,shirt,0,18,18,25,,,001,001,B,1,Incongruent,19,19,avoid,up,avoid,1,0.6178839159983909,001,001,B,
vaast images and script/fhc7.png,fhc7.png,FHC,7,pants,0,19,19,22,,,001,001,B,1,Incongruent,20,20,approach,down,approach,1,0.4944099999993341,001,001,B,
vaast images and script/shc9.png,shc9.png,SHC,9,pants,0,20,20,49,,,001,001,B,1,Incongruent,21,21,avoid,up,avoid,1,0.5268371249985648,001,001,B,
vaast images and script/fhc5.png,fhc5.png,FHC,5,shirt,0,21,21,20,,,001,001,B,1,Incongruent,22,22,approach,down,approach,1,0.4539095840009395,001,001,B,
vaast images and script/shc5.png,shc5.png,SHC,5,shirt,0,22,22,45,,,001,001,B,1,Incongruent,23,23,avoid,up,avoid,1,0.4139507500003674,001,001,B,
vaast images and script/fhc13.png,fhc13.png,FHC,13,jacket,0,23,23,4,,,001,001,B,1,Incongruent,24,24,approach,down,approach,1,0.23029975000099512,001,001,B,
vaast images and script/shc6.png,shc6.png,SHC,6,pants,0,24,24,46,,,001,001,B,1,Incongruent,25,25,avoid,down,approach,0,0.5755082500036224,001,001,B,
vaast images and script/shc23.png,shc23.png,SHC,23,beanie,0,25,25,40,,,001,001,B,1,Incongruent,26,26,avoid,up,avoid,1,0.7354523329995573,001,001,B,
vaast images and script/shc8.png,shc8.png,SHC,8,pants,0,26,26,48,,,001,001,B,1,Incongruent,27,27,avoid,up,avoid,1,0.6912569589985651,001,001,B,
vaast images and script/fhc24.png,fhc24.png,FHC,24,beanie,0,27,27,16,,,001,001,B,1,Incongruent,28,28,approach,down,approach,1,0.5022621670068474,001,001,B,
vaast images and script/fhc22.png,fhc22.png,FHC,22,beanie,0,28,28,14,,,001,001,B,1,Incongruent,29,29,approach,down,approach,1,0.7348070000007283,001,001,B,
vaast images and script/shc25.png,shc25.png,SHC,25,beanie,0,29,29,42,,,001,001,B,1,Incongruent,30,30,avoid,up,avoid,1,0.6219932500025607,001,001,B,
vaast images and script/fhc18.png,fhc18.png,FHC,18,hoodie,0,30,30,9,,,001,001,B,1,Incongruent,31,31,approach,down,approach,1,0.9506027499955962,001,001,B,
vaast images and script/fhc10.png,fhc10.png,FHC,10,pants,0,31,31,1,,,001,001,B,1,Incongruent,32,32,approach,down,approach,1,0.6026797910017194,001,001,B,
vaast images and script/fhc14.png,fhc14.png,FHC,14,jacket,0,32,32,5,,,001,001,B,1,Incongruent,33,33,approach,down,approach,1,0.4499890000006417,001,001,B,
vaast images and script/shc20.png,shc20.png,SHC,20,hoodie,0,33,33,37,,,001,001,B,1,Incongruent,34,34,avoid,down,approach,0,0.40940041699650465,001,001,B,
vaast images and script/fhc15.png,fhc15.png,FHC,15,jacket,0,34,34,6,,,001,001,B,1,Incongruent,35,35,approach,down,approach,1,0.44992483299574815,001,001,B,
vaast images and script/fhc16.png,fhc16.png,FHC,16,hoodie,0,35,35,7,,,001,001,B,1,Incongruent,36,36,approach,down,approach,1,0.46292825000273297,001,001,B,
vaast images and script/shc11.png,shc11.png,SHC,11,jacket,0,36,36,27,,,001,001,B,1,Incongruent,37,37,avoid,down,approach,0,0.4427068330041948,001,001,B,
vaast images and script/fhc19.png,fhc19.png,FHC,19,hoodie,0,37,37,10,,,001,001,B,1,Incongruent,38,38,approach,up,avoid,0,0.4162307500009774,001,001,B,
vaast images and script/fhc2.png,fhc2.png,FHC,2,shirt,0,38,38,11,,,001,001,B,1,Incongruent,39,39,approach,down,approach,1,0.4847981249986333,001,001,B,
vaast images and script/fhc8.png,fhc8.png,FHC,8,pants,0,39,39,23,,,001,001,B,1,Incongruent,40,40,approach,down,approach,1,0.43463858400355093,001,001,B,
vaast images and script/fhc11.png,fhc11.png,FHC,11,jacket,0,40,40,2,,,001,001,B,1,Incongruent,41,41,approach,down,approach,1,0.47482099999615457,001,001,B,
vaast images and script/shc14.png,shc14.png,SHC,14,jacket,0,41,41,30,,,001,001,B,1,Incongruent,42,42,avoid,up,avoid,1,0.7586377909974544,001,001,B,
vaast images and script/shc7.png,shc7.png,SHC,7,pants,0,42,42,47,,,001,001,B,1,Incongruent,43,43,avoid,down,approach,0,0.6968153750058264,001,001,B,
vaast images and script/fhc23.png,fhc23.png,FHC,23,beanie,0,43,43,15,,,001,001,B,1,Incongruent,44,44,approach,down,approach,1,0.9629744170015329,001,001,B,
vaast images and script/fhc12.png,fhc12.png,FHC,12,jacket,0,44,44,3,,,001,001,B,1,Incongruent,45,45,approach,down,approach,1,0.683813084004214,001,001,B,
vaast images and script/shc18.png,shc18.png,SHC,18,hoodie,0,45,45,34,,,001,001,B,1,Incongruent,46,46,avoid,up,avoid,1,0.8051801659967168,001,001,B,
vaast images and script/fhc9.png,fhc9.png,FHC,9,pants,0,46,46,24,,,001,001,B,1,Incongruent,47,47,approach,down,approach,1,0.6746689999999944,001,001,B,
vaast images and script/shc13.png,shc13.png,SHC,13,jacket,0,47,47,29,,,001,001,B,1,Incongruent,48,48,avoid,up,avoid,1,0.876140458000009,001,001,B,
vaast images and script/shc21.png,shc21.png,SHC,21,beanie,0,48,48,38,,,001,001,B,1,Incongruent,49,49,avoid,up,avoid,1,0.7362005830000271,001,001,B,
vaast images and script/shc17.png,shc17.png,SHC,17,hoodie,0,49,49,33,,,001,001,B,1,Incongruent,50,50,avoid,up,avoid,1,0.5480964580056025,001,001,B,
vaast images and script/shc4.png,shc4.png,SHC,4,shirt,0,0,0,44,,,001,001,B,2,Congruent,1,51,approach,down,approach,1,0.6129787909958395,001,001,B,
vaast images and script/shc6.png,shc6.png,SHC,6,pants,0,1,1,46,,,001,001,B,2,Congruent,2,52,approach,down,approach,1,0.8322611250041518,001,001,B,
vaast images and script/shc11.png,shc11.png,SHC,11,jacket,0,2,2,27,,,001,001,B,2,Congruent,3,53,approach,down,approach,1,0.5688201250013663,001,001,B,
vaast images and script/fhc5.png,fhc5.png,FHC,5,shirt,0,3,3,20,,,001,001,B,2,Congruent,4,54,avoid,up,avoid,1,0.7594497079990106,001,001,B,
vaast images and script/fhc11.png,fhc11.png,FHC,11,jacket,0,4,4,2,,,001,001,B,2,Congruent,5,55,avoid,up,avoid,1,0.9803710830019554,001,001,B,
vaast images and script/shc19.png,shc19.png,SHC,19,hoodie,0,5,5,35,,,001,001,B,2,Congruent,6,56,approach,down,approach,1,0.5296334160011611,001,001,B,
vaast images and script/fhc25.png,fhc25.png,FHC,25,beanie,0,6,6,17,,,001,001,B,2,Congruent,7,57,avoid,up,avoid,1,1.9012137919999077,001,001,B,
vaast images and script/shc2.png,shc2.png,SHC,2,shirt,0,7,7,36,,,001,001,B,2,Congruent,8,58,approach,down,approach,1,0.9290067499969155,001,001,B,
vaast images and script/shc21.png,shc21.png,SHC,21,beanie,0,8,8,38,,,001,001,B,2,Congruent,9,59,approach,down,approach,1,0.7480356669984758,001,001,B,
vaast images and script/fhc8.png,fhc8.png,FHC,8,pants,0,9,9,23,,,001,001,B,2,Congruent,10,60,avoid,up,avoid,1,0.561269292003999,001,001,B,
vaast images and script/shc14.png,shc14.png,SHC,14,jacket,0,10,10,30,,,001,001,B,2,Congruent,11,61,approach,down,approach,1,0.843980208002904,001,001,B,
vaast images and script/fhc22.png,fhc22.png,FHC,22,beanie,0,11,11,14,,,001,001,B,2,Congruent,12,62,avoid,up,avoid,1,1.5454056250018766,001,001,B,
vaast images and script/shc23.png,shc23.png,SHC,23,beanie,0,12,12,40,,,001,001,B,2,Congruent,13,63,approach,down,approach,1,1.2642867920003482,001,001,B,
vaast images and script/shc17.png,shc17.png,SHC,17,hoodie,0,13,13,33,,,001,001,B,2,Congruent,14,64,approach,down,approach,1,0.8148189170024125,001,001,B,
vaast images and script/fhc21.png,fhc21.png,FHC,21,beanie,0,14,14,13,,,001,001,B,2,Congruent,15,65,avoid,up,avoid,1,1.9918641249969369,001,001,B,
vaast images and script/fhc13.png,fhc13.png,FHC,13,jacket,0,15,15,4,,,001,001,B,2,Congruent,16,66,avoid,None,None,0,None,001,001,B,
vaast images and script/shc25.png,shc25.png,SHC,25,beanie,0,16,16,42,,,001,001,B,2,Congruent,17,67,approach,down,approach,1,0.6479114169997047,001,001,B,
vaast images and script/fhc15.png,fhc15.png,FHC,15,jacket,0,17,17,6,,,001,001,B,2,Congruent,18,68,avoid,up,avoid,1,0.8938830409970251,001,001,B,
vaast images and script/fhc14.png,fhc14.png,FHC,14,jacket,0,18,18,5,,,001,001,B,2,Congruent,19,69,avoid,up,avoid,1,0.9542897919964162,001,001,B,
vaast images and script/shc24.png,shc24.png,SHC,24,beanie,0,19,19,41,,,001,001,B,2,Congruent,20,70,approach,down,approach,1,0.5352935830014758,001,001,B,
vaast images and script/shc3.png,shc3.png,SHC,3,shirt,0,20,20,43,,,001,001,B,2,Congruent,21,71,approach,up,avoid,0,0.44677866699930746,001,001,B,
vaast images and script/fhc1.png,fhc1.png,FHC,1,shirt,0,21,21,0,,,001,001,B,2,Congruent,22,72,avoid,up,avoid,1,0.7928072920039995,001,001,B,
vaast images and script/fhc6.png,fhc6.png,FHC,6,pants,0,22,22,21,,,001,001,B,2,Congruent,23,73,avoid,up,avoid,1,0.7150025000009919,001,001,B,
vaast images and script/fhc17.png,fhc17.png,FHC,17,hoodie,0,23,23,8,,,001,001,B,2,Congruent,24,74,avoid,up,avoid,1,0.41292858400265686,001,001,B,
vaast images and script/shc15.png,shc15.png,SHC,15,jacket,0,24,24,31,,,001,001,B,2,Congruent,25,75,approach,down,approach,1,0.8438903749993187,001,001,B,
vaast images and script/shc9.png,shc9.png,SHC,9,pants,0,25,25,49,,,001,001,B,2,Congruent,26,76,approach,down,approach,1,0.6783894589971169,001,001,B,
vaast images and script/fhc4.png,fhc4.png,FHC,4,shirt,0,26,26,19,,,001,001,B,2,Congruent,27,77,avoid,up,avoid,1,1.970375958000659,001,001,B,
vaast images and script/fhc19.png,fhc19.png,FHC,19,hoodie,0,27,27,10,,,001,001,B,2,Congruent,28,78,avoid,None,None,0,None,001,001,B,
vaast images and script/fhc2.png,fhc2.png,FHC,2,shirt,0,28,28,11,,,001,001,B,2,Congruent,29,79,avoid,up,avoid,1,-0.8153815000041504,001,001,B,
vaast images and script/shc5.png,shc5.png,SHC,5,shirt,0,29,29,45,,,001,001,B,2,Congruent,30,80,approach,down,approach,1,0.5132498750026571,001,001,B,
vaast images and script/shc18.png,shc18.png,SHC,18,hoodie,0,30,30,34,,,001,001,B,2,Congruent,31,81,approach,down,approach,1,0.6695082090009237,001,001,B,
vaast images and script/fhc12.png,fhc12.png,FHC,12,jacket,0,31,31,3,,,001,001,B,2,Congruent,32,82,avoid,down,approach,0,0.7172565419969033,001,001,B,
vaast images and script/fhc23.png,fhc23.png,FHC,23,beanie,0,32,32,15,,,001,001,B,2,Congruent,33,83,avoid,down,approach,0,-1.4684172089982894,001,001,B,
vaast images and script/shc16.png,shc16.png,SHC,16,hoodie,0,33,33,32,,,001,001,B,2,Congruent,34,84,approach,up,avoid,0,-0.9401999159963452,001,001,B,
vaast images and script/shc10.png,shc10.png,SHC,10,pants,0,34,34,26,,,001,001,B,2,Congruent,35,85,approach,down,approach,1,0.8440035410021665,001,001,B,
vaast images and script/fhc9.png,fhc9.png,FHC,9,pants,0,35,35,24,,,001,001,B,2,Congruent,36,86,avoid,up,avoid,1,0.7626203749969136,001,001,B,
vaast images and script/shc12.png,shc12.png,SHC,12,jacket,0,36,36,28,,,001,001,B,2,Congruent,37,87,approach,up,avoid,0,1.4842421670036856,001,001,B,
vaast images and script/shc22.png,shc22.png,SHC,22,beanie,0,37,37,39,,,001,001,B,2,Congruent,38,88,approach,down,approach,1,0.5680262919995585,001,001,B,
vaast images and script/fhc24.png,fhc24.png,FHC,24,beanie,0,38,38,16,,,001,001,B,2,Congruent,39,89,avoid,up,avoid,1,1.2299595830045291,001,001,B,
vaast images and script/fhc18.png,fhc18.png,FHC,18,hoodie,0,39,39,9,,,001,001,B,2,Congruent,40,90,avoid,up,avoid,1,0.9119006249966333,001,001,B,
vaast images and script/shc13.png,shc13.png,SHC,13,jacket,0,40,40,29,,,001,001,B,2,Congruent,41,91,approach,down,approach,1,0.6584259580049547,001,001,B,
vaast images and script/fhc7.png,fhc7.png,FHC,7,pants,0,41,41,22,,,001,001,B,2,Congruent,42,92,avoid,up,avoid,1,1.2639704999965033,001,001,B,
vaast images and script/fhc16.png,fhc16.png,FHC,16,hoodie,0,42,42,7,,,001,001,B,2,Congruent,43,93,avoid,up,avoid,1,0.6460835420002695,001,001,B,
vaast images and script/shc20.png,shc20.png,SHC,20,hoodie,0,43,43,37,,,001,001,B,2,Congruent,44,94,approach,down,approach,1,0.7167787090002093,001,001,B,
vaast images and script/shc1.png,shc1.png,SHC,1,shirt,0,44,44,25,,,001,001,B,2,Congruent,45,95,approach,down,approach,1,0.6938967080059228,001,001,B,
vaast images and script/fhc10.png,fhc10.png,FHC,10,pants,0,45,45,1,,,001,001,B,2,Congruent,46,96,avoid,up,avoid,1,0.6920617499999935,001,001,B,
vaast images and script/fhc20.png,fhc20.png,FHC,20,hoodie,0,46,46,12,,,001,001,B,2,Congruent,47,97,avoid,up,avoid,1,0.6684288750038831,001,001,B,
vaast images and script/shc7.png,shc7.png,SHC,7,pants,0,47,47,47,,,001,001,B,2,Congruent,48,98,approach,down,approach,1,0.851999334001448,001,001,B,
vaast images and script/fhc3.png,fhc3.png,FHC,3,shirt,0,48,48,18,,,001,001,B,2,Congruent,49,99,avoid,up,avoid,1,1.4650105829932727,001,001,B,
vaast images and script/shc8.png,shc8.png,SHC,8,pants,0,49,49,48,,,001,001,B,2,Congruent,50,100,approach,down,approach,1,0.7030255419958849,001,001,B,
